rank,year365,year366,13aqi,13pm2.5,13img,14aqi,14pm2.5,14img,15aqi,15pm2.5,15img,16aqi,16pm2.5,16img,17aqi,17pm2.5,17img,18aqi,18pm2.5,18img
1,1/1,1/1,20000,14,img/2013.jpg,86,44,img/2014 (1).jpg,15,10.5,img/2015 (1).jpg,212,187,img/2016 (1).jpg,420,379,img/2017 (1).jpg,31,59,img/2018 (1).jpg
2,1/2,1/2,20000,15,img/2013.jpg,117,110,img/2014 (2).jpg,36,20.1,img/2015 (2).jpg,245,194,img/2016 (2).jpg,66,57,img/2017 (2).jpg,80,8,img/2018 (2).jpg
3,1/3,1/3,20000,22,img/2013.jpg,80,46,img/2014 (3).jpg,262,212.4,img/2015 (3).jpg,219,168,img/2016 (3).jpg,390,219,img/2017 (3).jpg,27,9,img/2018 (3).jpg
4,1/4,1/4,20000,41,img/2013.jpg,153,116,img/2014 (4).jpg,190,143.1,img/2015 (4).jpg,22,13,img/2016 (4).jpg,500,323,img/2017 (4).jpg,21,43,img/2018 (4).jpg
5,1/5,1/5,20000,40,img/2013.jpg,119,89,img/2014 (5).jpg,245,195.4,img/2015 (5).jpg,19,15,img/2016 (5).jpg,325,309,img/2017 (5).jpg,63,6,img/2018 (5).jpg
6,1/6,1/6,20000,45,img/2013.jpg,184,139,img/2014 (6).jpg,18,8,img/2015 (6).jpg,38,26,img/2016 (6).jpg,273,223,img/2017 (6).jpg,17,65,img/2018 (6).jpg
7,1/7,1/7,20000,71,img/2013.jpg,143,110,img/2014 (7).jpg,34,23.7,img/2015 (7).jpg,17,11,img/2016 (7).jpg,281,231,img/2017 (7).jpg,88,22,img/2018 (7).jpg
8,1/8,1/8,20000,170,img/2013.jpg,29,15,img/2014 (8).jpg,250,200,img/2015 (8).jpg,16,10,img/2016 (8).jpg,21,15,img/2017 (8).jpg,62,15,img/2018 (8).jpg
9,1/9,1/9,20000,46,img/2013.jpg,43,26,img/2014 (9).jpg,38,26.4,img/2015 (9).jpg,68,49,img/2016 (9).jpg,13,7,img/2017 (9).jpg,33,6,img/2018 (9).jpg
10,1/10,1/10,20000,56,img/2013.jpg,87,63,img/2014 (10).jpg,228,178,img/2015 (10).jpg,41,28,img/2016 (10).jpg,16,5,img/2017 (10).jpg,20,11,img/2018 (10).jpg
11,1/11,1/11,20000,391,img/2013.jpg,143,109,img/2014 (11).jpg,27,4.8,img/2015 (11).jpg,23,15,img/2016 (11).jpg,90,67,img/2017 (11).jpg,17,34,img/2018 (11).jpg
12,1/12,1/12,20000,472,img/2013.jpg,42,23,img/2014 (12).jpg,142,108.9,img/2015 (12).jpg,16,10,img/2016 (12).jpg,43,26,img/2017 (12).jpg,55,34,img/2018 (12).jpg
13,1/13,1/13,20000,475,img/2013.jpg,110,82,img/2014 (13).jpg,206,156.5,img/2015 (13).jpg,22,8,img/2016 (13).jpg,23,9,img/2017 (13).jpg,49,174,img/2018 (13).jpg
14,1/14,1/14,20000,358,img/2013.jpg,109,82,img/2014 (14).jpg,410,364.6,img/2015 (14).jpg,38,22,img/2016 (14).jpg,30,21,img/2017 (14).jpg,228,14,img/2018 (14).jpg
15,1/15,1/15,20000,80,img/2013.jpg,148,122,img/2014 (15).jpg,376,235.9,img/2015 (15).jpg,245,195,img/2016 (15).jpg,65,46,img/2017 (15).jpg,27,48,img/2018 (15).jpg
16,1/16,1/16,20000,245,img/2013.jpg,381,343,img/2014 (16).jpg,14,6.7,img/2015 (16).jpg,111,84,img/2016 (16).jpg,128,93,img/2017 (16).jpg,172,67,img/2018 (16).jpg
17,1/17,1/17,20000,33,img/2013.jpg,211,169,img/2014 (17).jpg,27,12.5,img/2015 (17).jpg,34,24,img/2016 (17).jpg,157,127,img/2017 (17).jpg,97,16,img/2018 (17).jpg
18,1/18,1/18,20000,86,img/2013.jpg,104,77,img/2014 (18).jpg,203,153.2,img/2015 (18).jpg,25,12,img/2016 (18).jpg,32,17,img/2017 (18).jpg,59,83,img/2018 (18).jpg
19,1/19,1/19,20000,290,img/2013.jpg,177,115,img/2014 (19).jpg,72,52.9,img/2015 (19).jpg,36,21,img/2016 (19).jpg,130,99,img/2017 (19).jpg,110,13,img/2018 (19).jpg
20,1/20,1/20,20000,80,img/2013.jpg,37,7,img/2014 (20).jpg,118,89.8,img/2015 (20).jpg,166,126,img/2016 (20).jpg,19,6,img/2017 (20).jpg,41,54,img/2018 (20).jpg
21,1/21,1/21,20000,198,img/2013.jpg,51,35,img/2014 (21).jpg,22,9,img/2015 (21).jpg,110,83,img/2016 (21).jpg,37,17,img/2017 (21).jpg,74,53,img/2018 (21).jpg
22,1/22,1/22,20000,46,img/2013.jpg,153,117,img/2014 (22).jpg,70,49.9,img/2015 (22).jpg,20,12,img/2016 (22).jpg,30,13,img/2017 (22).jpg,73,3,img/2018 (22).jpg
23,1/23,1/23,20000,394,img/2013.jpg,230,205,img/2014 (23).jpg,317,266.6,img/2015 (23).jpg,20,8,img/2016 (23).jpg,31,20,img/2017 (23).jpg,22,10,img/2018 (23).jpg
24,1/24,1/24,20000,14,img/2013.jpg,185,147,img/2014 (24).jpg,323,273.1,img/2015 (24).jpg,40,21,img/2016 (24).jpg,150,115,img/2017 (24).jpg,30,4,img/2018 (24).jpg
25,1/25,1/25,20000,48,img/2013.jpg,40,22,img/2014 (25).jpg,126,95.8,img/2015 (25).jpg,23,12,img/2016 (25).jpg,240,190,img/2017 (25).jpg,23,5,img/2018 (25).jpg
26,1/26,1/26,20000,126,img/2013.jpg,77,52,img/2014 (26).jpg,359,309,img/2015 (26).jpg,51,23,img/2016 (26).jpg,370,271,img/2017 (26).jpg,34,117,img/2018 (26).jpg
27,1/27,1/27,20000,310,img/2013 (27).jpg,128,89,img/2014 (27).jpg,22,12.4,img/2015 (27).jpg,110,83,img/2016 (27).jpg,25,11,img/2017 (27).jpg,153,6,img/2018 (27).jpg
28,1/28,1/28,20000,369,img/2013 (28).jpg,61,40,img/2014 (28).jpg,30,8.1,img/2015 (28).jpg,176,133,img/2016 (28).jpg,435,440,img/2017 (28).jpg,53,9,img/2018 (28).jpg
29,1/29,1/29,20000,425,img/2013 (29).jpg,155,118,img/2014 (29).jpg,115,87.3,img/2015 (29).jpg,73,53,img/2016 (29).jpg,68,10,img/2017 (29).jpg,60,10,img/2018 (29).jpg
30,1/30,1/30,20000,287,img/2013 (30).jpg,93,67,img/2014 (30).jpg,20,9.4,img/2015 (30).jpg,113,85,img/2016 (30).jpg,18,8,img/2017 (30).jpg,28,16,img/2018 (30).jpg
31,1/31,1/31,20000,183,img/2013 (31).jpg,184,143,img/2014 (31).jpg,39,15,img/2015 (31).jpg,16,10,img/2016 (31).jpg,138,105,img/2017 (31).jpg,89,50,img/2018 (31).jpg
32,2/1,2/1,20000,29,img/2013 (32).jpg,179,135,img/2014 (32).jpg,68,49.4,img/2015 (32).jpg,32,17,img/2016 (32).jpg,20,5,img/2017 (32).jpg,69,6,img/2018 (32).jpg
33,2/2,2/2,20000,38,img/2013 (33).jpg,105,63,img/2014 (33).jpg,167,127.2,img/2015 (33).jpg,22,15,img/2016 (33).jpg,41,36,img/2017 (33).jpg,38,6,img/2018 (33).jpg
34,2/3,2/3,20000,138,img/2013 (34).jpg,40,5,img/2014 (34).jpg,248,198.5,img/2015 (34).jpg,30,21,img/2016 (34).jpg,105,115,img/2017 (34).jpg,23,9,img/2018 (34).jpg
35,2/4,2/4,20000,18,img/2013 (35).jpg,50,26,img/2014 (35).jpg,20,8.2,img/2015 (35).jpg,17,10,img/2016 (35).jpg,401,377,img/2017 (35).jpg,28,5,img/2018 (35).jpg
36,2/5,2/5,20000,85,img/2013 (36).jpg,116,87,img/2014 (36).jpg,30,13.9,img/2015 (36).jpg,21,11,img/2016 (36).jpg,21,15,img/2017 (36).jpg,26,7,img/2018 (36).jpg
37,2/6,2/6,20000,220,img/2013 (37).jpg,158,119,img/2014 (37).jpg,134,101.9,img/2015 (37).jpg,25,15,img/2016 (37).jpg,16,5,img/2017 (37).jpg,31,69,img/2018 (37).jpg
38,2/7,2/7,20000,11,img/2013 (38).jpg,124,94,img/2014 (38).jpg,31,4.3,img/2015 (38).jpg,45,28,img/2016 (38).jpg,71,52,img/2017 (38).jpg,93,29,img/2018 (38).jpg
39,2/8,2/8,20000,19,img/2013 (39).jpg,102,72,img/2014 (39).jpg,16,6,img/2015 (39).jpg,500,564,img/2016 (39).jpg,66,48,img/2017 (39).jpg,49,81,img/2018 (39).jpg
40,2/9,2/9,20000,192,img/2013 (40).jpg,29,8,img/2014 (40).jpg,142,108,img/2015 (40).jpg,29,16,img/2016 (40).jpg,21,7,img/2017 (40).jpg,108,12,img/2018 (40).jpg
41,2/10,2/10,20000,17,img/2013 (41).jpg,35,23,img/2014 (41).jpg,205,155,img/2015 (41).jpg,94,70,img/2016 (41).jpg,37,3,img/2017 (41).jpg,23,8,img/2018 (41).jpg
42,2/11,2/11,20000,23,img/2013 (42).jpg,133,100,img/2014 (42).jpg,71,52,img/2015 (42).jpg,270,220,img/2016 (42).jpg,32,12,img/2017 (42).jpg,49,8,img/2018 (42).jpg
43,2/12,2/12,20000,133,img/2013 (43).jpg,150,111,img/2014 (43).jpg,56,29,img/2015 (43).jpg,226,176,img/2016 (43).jpg,150,110,img/2017 (43).jpg,70,32,img/2018 (43).jpg
44,2/13,2/13,20000,326,img/2013 (44).jpg,241,190,img/2014 (44).jpg,135,103,img/2015 (44).jpg,19,8,img/2016 (44).jpg,180,136,img/2017 (44).jpg,56,3,img/2018 (44).jpg
45,2/14,2/14,20000,13,img/2013 (45).jpg,311,265,img/2014 (45).jpg,290,240,img/2015 (45).jpg,20,9,img/2016 (45).jpg,202,152,img/2017 (45).jpg,38,9,img/2018 (45).jpg
46,2/15,2/15,20000,16,img/2013 (46).jpg,424,387,img/2014 (46).jpg,348,298,img/2015 (46).jpg,25,12,img/2016 (46).jpg,295,245,img/2017 (46).jpg,24,180,img/2018 (46).jpg
47,2/16,2/16,20000,112,img/2013 (47).jpg,339,296,img/2014 (47).jpg,392,342,img/2015 (47).jpg,27,7,img/2016 (47).jpg,309,259,img/2017 (47).jpg,230,63,img/2018 (47).jpg
48,2/17,2/17,20000,276,img/2013 (48).jpg,137,104,img/2014 (48).jpg,164,125,img/2015 (48).jpg,38,22,img/2016 (48).jpg,18,8,img/2017 (48).jpg,85,117,img/2018 (48).jpg
49,2/18,2/18,20000,13,img/2013 (49).jpg,95,70,img/2014 (49).jpg,26,18,img/2015 (49).jpg,11,8,img/2016 (49).jpg,128,97,img/2017 (49).jpg,153,114,img/2018 (49).jpg
50,2/19,2/19,20000,11,img/2013 (50).jpg,89,66,img/2014 (50).jpg,423,385,img/2015 (50).jpg,21,15,img/2016 (50).jpg,217,167,img/2017 (50).jpg,149,67,img/2018 (50).jpg
51,2/20,2/20,20000,140,img/2013 (51).jpg,208,161,img/2014 (51).jpg,137,104,img/2015 (51).jpg,7,5,img/2016 (51).jpg,27,8,img/2017 (51).jpg,90,80,img/2018 (51).jpg
52,2/21,2/21,20000,162,img/2013 (52).jpg,308,257,img/2014 (52).jpg,220,170,img/2015 (52).jpg,109,82,img/2016 (52).jpg,115,87,img/2017 (52).jpg,85,11,img/2018 (52).jpg
53,2/22,2/22,20000,8,img/2013 (53).jpg,313,262,img/2014 (53).jpg,197,69,img/2015 (53).jpg,137,104,img/2016 (53).jpg,156,119,img/2017 (53).jpg,41,21,img/2018 (53).jpg
54,2/23,2/23,20000,54,img/2013 (54).jpg,262,212,img/2014 (54).jpg,50,17,img/2015 (54).jpg,22,10,img/2016 (54).jpg,21,15,img/2017 (54).jpg,48,27,img/2018 (54).jpg
55,2/24,2/24,20000,282,img/2013 (55).jpg,309,259,img/2014 (55).jpg,225,175,img/2015 (55).jpg,57,41,img/2016 (55).jpg,39,24,img/2017 (55).jpg,78,37,img/2018 (55).jpg
56,2/25,2/25,20000,153,img/2013 (56).jpg,402,353,img/2014 (56).jpg,39,27,img/2015 (56).jpg,40,21,img/2016 (56).jpg,22,4,img/2017 (56).jpg,49,116,img/2018 (56).jpg
57,2/26,2/26,20000,155,img/2013 (57).jpg,330,315,img/2014 (57).jpg,18,12,img/2015 (57).jpg,18,8,img/2016 (57).jpg,33,19,img/2017 (57).jpg,151,242,img/2018 (57).jpg
58,2/27,2/27,20000,330,img/2013 (58).jpg,31,15,img/2014 (58).jpg,15,10,img/2015 (58).jpg,21,10,img/2016 (58).jpg,151,116,img/2017 (58).jpg,292,102,img/2018 (58).jpg
59,2/28,2/28,20000,449,img/2013 (59).jpg,106,77,img/2014 (59).jpg,107,80,img/2015 (59).jpg,76,56,img/2016 (59).jpg,16,11,img/2017 (59).jpg,134,7,img/2018 (59).jpg
60,3/1,2/29,20000,12,img/2013 (60).jpg,57,38,img/2014 (60).jpg,60,25,img/2015 (60).jpg,29,10,img/2016 (60).jpg,21,10,img/2017 (60).jpg,30,54,img/2018 (60).jpg
61,3/2,3/1,20000,18,img/2013 (61).jpg,175,134,img/2014 (61).jpg,28,19,img/2015 (61).jpg,166,126,img/2016 (61).jpg,36,25,img/2017 (61).jpg,74,181,img/2018 (61).jpg
62,3/3,3/2,20000,123,img/2013 (62).jpg,267,217,img/2014 (62).jpg,24,6,img/2015 (62).jpg,298,241,img/2016 (62).jpg,156,119,img/2017 (62).jpg,231,33,img/2018 (62).jpg
63,3/4,3/3,20000,17,img/2013 (63).jpg,88,59,img/2014 (63).jpg,23,13,img/2015 (63).jpg,312,282,img/2016 (63).jpg,80,63,img/2017 (63).jpg,47,74,img/2018 (63).jpg
64,3/5,3/4,20000,150,img/2013 (64).jpg,38,19,img/2014 (64).jpg,152,116,img/2015 (64).jpg,353,303,img/2016 (64).jpg,21,15,img/2017 (64).jpg,114,48,img/2018 (64).jpg
65,3/6,3/5,20000,203,img/2013 (65).jpg,38,19,img/2014 (65).jpg,227,177,img/2015 (65).jpg,211,56,img/2016 (65).jpg,38,20,img/2017 (65).jpg,66,35,img/2018 (65).jpg
66,3/7,3/6,20000,331,img/2013 (66).jpg,36,15,img/2014 (66).jpg,336,286,img/2015 (66).jpg,90,67,img/2016 (66).jpg,25,7,img/2017 (66).jpg,50,14,img/2018 (66).jpg
67,3/8,3/7,20000,323,img/2013 (67).jpg,63,44,img/2014 (67).jpg,268,218,img/2015 (67).jpg,58,41,img/2016 (67).jpg,23,10,img/2017 (67).jpg,20,57,img/2018 (67).jpg
68,3/9,3/8,20000,136,img/2013 (68).jpg,191,146,img/2014 (68).jpg,23,3,img/2015 (68).jpg,22,13,img/2016 (68).jpg,43,9,img/2017 (68).jpg,80,152,img/2018 (68).jpg
69,3/10,3/9,20000,27,img/2013 (69).jpg,126,94,img/2014 (69).jpg,16,10,img/2015 (69).jpg,18,10,img/2016 (69).jpg,46,23,img/2017 (69).jpg,202,49,img/2018 (69).jpg
70,3/11,3/10,20000,122,img/2013 (70).jpg,108,80,img/2014 (70).jpg,155,118,img/2015 (70).jpg,16,5,img/2016 (70).jpg,123,93,img/2017 (70).jpg,68,95,img/2018 (70).jpg
71,3/12,3/11,20000,127,img/2013 (71).jpg,207,158,img/2014 (71).jpg,167,86,img/2015 (71).jpg,50,27,img/2016 (71).jpg,32,6,img/2017 (71).jpg,125,220,img/2018 (71).jpg
72,3/13,3/12,20000,15,img/2013 (72).jpg,36,10,img/2014 (72).jpg,135,103,img/2015 (72).jpg,105,79,img/2016 (72).jpg,29,7,img/2017 (72).jpg,270,203,img/2018 (72).jpg
73,3/14,3/13,20000,92,img/2013 (73).jpg,58,20,img/2014 (73).jpg,73,53,img/2015 (73).jpg,28,6,img/2016 (73).jpg,40,10,img/2017 (73).jpg,253,6,img/2018 (73).jpg
74,3/15,3/14,20000,181,img/2013 (74).jpg,62,20,img/2014 (74).jpg,207,157,img/2015 (74).jpg,132,101,img/2016 (74).jpg,70,51,img/2017 (74).jpg,26,14,img/2018 (74).jpg
75,3/16,3/15,20000,325,img/2013 (75).jpg,128,93,img/2014 (75).jpg,173,131,img/2015 (75).jpg,118,89,img/2016 (75).jpg,203,153,img/2017 (75).jpg,51,42,img/2018 (75).jpg
76,3/17,3/16,20000,273,img/2013 (76).jpg,151,113,img/2014 (76).jpg,358,308,img/2015 (76).jpg,289,239,img/2016 (76).jpg,154,117,img/2017 (76).jpg,59,94,img/2018 (76).jpg
77,3/18,3/17,20000,13,img/2013 (77).jpg,181,82,img/2014 (77).jpg,42,29,img/2015 (77).jpg,304,259,img/2016 (77).jpg,208,158,img/2017 (77).jpg,130,129,img/2018 (77).jpg
78,3/19,3/18,20000,34,img/2013 (78).jpg,86,36,img/2014 (78).jpg,102,76,img/2015 (78).jpg,401,357,img/2016 (78).jpg,280,230,img/2017 (78).jpg,170,13,img/2018 (78).jpg
79,3/20,3/19,20000,48,img/2013 (79).jpg,75,46,img/2014 (79).jpg,115,33,img/2015 (79).jpg,114,86,img/2016 (79).jpg,216,176,img/2017 (79).jpg,25,43,img/2018 (79).jpg
80,3/21,3/20,20000,104,img/2013 (80).jpg,37,10,img/2014 (80).jpg,131,24,img/2015 (80).jpg,120,81,img/2016 (80).jpg,104,78,img/2017 (80).jpg,62,103,img/2018 (80).jpg
81,3/22,3/21,20000,14,img/2013 (81).jpg,54,24,img/2014 (81).jpg,95,12,img/2015 (81).jpg,203,153,img/2016 (81).jpg,202,152,img/2017 (81).jpg,135,154,img/2018 (81).jpg
82,3/23,3/22,20000,97,img/2013 (82).jpg,82,46,img/2014 (82).jpg,154,62,img/2015 (82).jpg,224,174,img/2016 (82).jpg,226,176,img/2017 (82).jpg,204,235,img/2018 (82).jpg
83,3/24,3/23,20000,18,img/2013 (83).jpg,166,126,img/2014 (83).jpg,89,66,img/2015 (83).jpg,18,10,img/2016 (83).jpg,106,80,img/2017 (83).jpg,285,59,img/2018 (83).jpg
84,3/25,3/24,20000,137,img/2013 (84).jpg,241,191,img/2014 (84).jpg,188,127,img/2015 (84).jpg,36,10,img/2016 (84).jpg,66,48,img/2017 (84).jpg,80,98,img/2018 (84).jpg
85,3/26,3/25,20000,205,img/2013 (85).jpg,322,272,img/2014 (85).jpg,152,116,img/2015 (85).jpg,90,52,img/2016 (85).jpg,19,7,img/2017 (85).jpg,129,179,img/2018 (85).jpg
86,3/27,3/26,20000,183,img/2013 (86).jpg,294,249,img/2014 (86).jpg,195,205,img/2015 (86).jpg,21,6,img/2016 (86).jpg,28,11,img/2017 (86).jpg,229,250,img/2018 (86).jpg
87,3/28,3/27,20000,17,img/2013 (87).jpg,169,127,img/2014 (87).jpg,150,65,img/2015 (87).jpg,29,5,img/2016 (87).jpg,91,68,img/2017 (87).jpg,500,50,img/2018 (87).jpg
88,3/29,3/28,20000,127,img/2013 (88).jpg,72,39,img/2014 (88).jpg,163,112,img/2015 (88).jpg,138,88,img/2016 (88).jpg,190,143,img/2017 (88).jpg,101,55,img/2018 (88).jpg
89,3/30,3/29,20000,93,img/2013 (89).jpg,63,31,img/2014 (89).jpg,176,129,img/2015 (89).jpg,19,7,img/2016 (89).jpg,169,128,img/2017 (89).jpg,75,99,img/2018 (89).jpg
90,3/31,3/30,20000,174,img/2013 (90).jpg,172,132,img/2014 (90).jpg,210,150,img/2015 (90).jpg,21,9,img/2016 (90).jpg,25,9,img/2017 (90).jpg,130,273,img/2018 (90).jpg
91,4/1,3/31,20000,158,img/2013 (91).jpg,210,161,img/2014 (91).jpg,159,71,img/2015 (91).jpg,214,164,img/2016 (91).jpg,52,20,img/2017 (91).jpg,323,256,img/2018 (91).jpg
92,4/2,4/1,20000,175,img/2013 (92).jpg,151,125,img/2014 (92).jpg,134,49,img/2015 (92).jpg,102,77,img/2016 (92).jpg,105,60,img/2017 (92).jpg,306,7,img/2018 (92).jpg
93,4/3,4/2,20000,153,img/2013 (93).jpg,113,12,img/2014 (93).jpg,33,23,img/2015 (93).jpg,34,4,img/2016 (93).jpg,279,229,img/2017 (93).jpg,119,25,img/2018 (93).jpg
94,4/4,4/3,20000,89,img/2013 (94).jpg,74,37,img/2014 (94).jpg,110,39,img/2015 (94).jpg,41,7,img/2016 (94).jpg,202,152,img/2017 (94).jpg,36,46,img/2018 (94).jpg
95,4/5,4/4,20000,106,img/2013 (95).jpg,90,35,img/2014 (95).jpg,188,141,img/2015 (95).jpg,81,60,img/2016 (95).jpg,63,45,img/2017 (95).jpg,64,17,img/2018 (95).jpg
96,4/6,4/5,20000,17,img/2013 (96).jpg,79,97,img/2014 (96).jpg,63,18,img/2015 (96).jpg,164,125,img/2016 (96).jpg,130,90,img/2017 (96).jpg,71,6,img/2018 (96).jpg
97,4/7,4/6,20000,69,img/2013 (97).jpg,98,89,img/2014 (97).jpg,42,10,img/2015 (97).jpg,115,87,img/2016 (97).jpg,76,46,img/2017 (97).jpg,34,31,img/2018 (97).jpg
98,4/8,4/7,20000,15,img/2013 (98).jpg,184,173,img/2014 (98).jpg,174,100,img/2015 (98).jpg,311,267,img/2016 (98).jpg,167,127,img/2017 (98).jpg,56,69,img/2018 (98).jpg
99,4/9,4/8,20000,11,img/2013 (99).jpg,204,154,img/2014 (99).jpg,196,143,img/2015 (99).jpg,23,14,img/2016 (99).jpg,124,94,img/2017 (99).jpg,93,130,img/2018 (99).jpg
100,4/10,4/9,20000,8,img/2013 (100).jpg,404,92,img/2014 (100).jpg,263,213,img/2015 (100).jpg,97,56,img/2016 (100).jpg,108,80,img/2017 (100).jpg,163,10,img/2018 (100).jpg
101,4/11,4/10,20000,19,img/2013 (101).jpg,60,43,img/2014 (101).jpg,300,250,img/2015 (101).jpg,104,41,img/2016 (101).jpg,68,49,img/2017 (101).jpg,38,35,img/2018 (101).jpg
102,4/12,4/11,20000,64,img/2013 (102).jpg,169,128,img/2014 (102).jpg,26,18,img/2015 (102).jpg,74,30,img/2016 (102).jpg,141,108,img/2017 (102).jpg,61,34,img/2018 (102).jpg
103,4/13,4/12,20000,110,img/2013 (103).jpg,208,158,img/2014 (103).jpg,53,13,img/2015 (103).jpg,79,58,img/2016 (103).jpg,58,37,img/2017 (103).jpg,67,10,img/2018 (103).jpg
104,4/14,4/13,20000,9,img/2013 (104).jpg,247,197,img/2014 (104).jpg,128,97,img/2015 (104).jpg,228,178,img/2016 (104).jpg,159,121,img/2017 (104).jpg,47,18,img/2018 (104).jpg
105,4/15,4/14,20000,71,img/2013 (105).jpg,124,94,img/2014 (105).jpg,166,95,img/2015 (105).jpg,72,26,img/2016 (105).jpg,82,44,img/2017 (105).jpg,84,42,img/2018 (105).jpg
106,4/16,4/15,20000,74,img/2013 (106).jpg,135,48,img/2014 (106).jpg,68,20,img/2015 (106).jpg,57,40,img/2016 (106).jpg,161,89,img/2017 (106).jpg,86,62,img/2018 (106).jpg
107,4/17,4/16,20000,45,img/2013 (107).jpg,118,89,img/2014 (107).jpg,120,51,img/2015 (107).jpg,39,27,img/2016 (107).jpg,240,190,img/2017 (107).jpg,133,70,img/2018 (107).jpg
108,4/18,4/17,20000,9,img/2013 (108).jpg,142,109,img/2014 (108).jpg,182,115,img/2015 (108).jpg,26,11,img/2016 (108).jpg,69,12,img/2017 (108).jpg,111,153,img/2018 (108).jpg
109,4/19,4/18,20000,51,img/2013 (109).jpg,42,59,img/2014 (109).jpg,159,71,img/2015 (109).jpg,24,15,img/2016 (109).jpg,116,35,img/2017 (109).jpg,203,217,img/2018 (109).jpg
110,4/20,4/19,20000,92,img/2013 (110).jpg,126,96,img/2014 (110).jpg,126,96,img/2015 (110).jpg,89,66,img/2016 (110).jpg,191,144,img/2017 (110).jpg,267,101,img/2018 (110).jpg
111,4/21,4/20,20000,151,img/2013 (111).jpg,59,42,img/2014 (111).jpg,82,60,img/2015 (111).jpg,74,54,img/2016 (111).jpg,56,22,img/2017 (111).jpg,133,9,img/2018 (111).jpg
112,4/22,4/21,20000,165,img/2013 (112).jpg,64,46,img/2014 (112).jpg,89,66,img/2015 (112).jpg,160,122,img/2016 (112).jpg,92,41,img/2017 (112).jpg,23,16,img/2018 (112).jpg
113,4/23,4/22,20000,203,img/2013 (113).jpg,146,112,img/2014 (113).jpg,89,66,img/2015 (113).jpg,66,39,img/2016 (113).jpg,64,14,img/2017 (113).jpg,23,24,img/2018 (113).jpg
114,4/24,4/23,20000,125,img/2013 (114).jpg,150,115,img/2014 (114).jpg,109,53,img/2015 (114).jpg,37,11,img/2016 (114).jpg,134,102,img/2017 (114).jpg,43,39,img/2018 (114).jpg
115,4/25,4/24,20000,9,img/2013 (115).jpg,155,118,img/2014 (115).jpg,148,113,img/2015 (115).jpg,86,64,img/2016 (115).jpg,25,11,img/2017 (115).jpg,75,115,img/2018 (115).jpg
116,4/26,4/25,20000,83,img/2013 (116).jpg,38,26,img/2014 (116).jpg,159,121,img/2015 (116).jpg,90,67,img/2016 (116).jpg,43,18,img/2017 (116).jpg,150,47,img/2018 (116).jpg
117,4/27,4/26,20000,62,img/2013 (117).jpg,73,53,img/2014 (117).jpg,124,88,img/2015 (117).jpg,105,79,img/2016 (117).jpg,38,11,img/2017 (117).jpg,107,37,img/2018 (117).jpg
118,4/28,4/27,20000,94,img/2013 (118).jpg,105,79,img/2014 (118).jpg,65,47,img/2015 (118).jpg,115,87,img/2016 (118).jpg,52,19,img/2017 (118).jpg,88,197,img/2018 (118).jpg
119,4/29,4/28,20000,24,img/2013 (119).jpg,103,77,img/2014 (119).jpg,173,131,img/2015 (119).jpg,132,101,img/2016 (119).jpg,81,36,img/2017 (119).jpg,247,22,img/2018 (119).jpg
120,4/30,4/29,20000,14,img/2013 (120).jpg,139,106,img/2014 (120).jpg,155,111,img/2015 (120).jpg,58,41,img/2016 (120).jpg,178,46,img/2017 (120).jpg,65,108,img/2018 (120).jpg
121,5/1,4/30,20000,45,img/2013 (121).jpg,185,139,img/2014 (121).jpg,205,155,img/2015 (121).jpg,282,232,img/2016 (121).jpg,84,35,img/2017 (121).jpg,427,13,img/2018 (121).jpg
122,5/2,5/1,20000,103,img/2013 (122).jpg,45,20,img/2014 (122).jpg,54,38,img/2015 (122).jpg,245,195,img/2016 (122).jpg,62,32,img/2017 (122).jpg,42,12,img/2018 (122).jpg
123,5/3,5/2,20000,51,img/2013 (123).jpg,97,47,img/2014 (123).jpg,197,79,img/2015 (123).jpg,64,27,img/2016 (123).jpg,119,90,img/2017 (123).jpg,30,61,img/2018 (123).jpg
124,5/4,5/3,20000,131,img/2013 (124).jpg,50,35,img/2014 (124).jpg,36,7,img/2015 (124).jpg,26,18,img/2016 (124).jpg,500,579,img/2017 (124).jpg,89,109,img/2018 (124).jpg
125,5/5,5/4,20000,166,img/2013 (125).jpg,49,24,img/2014 (125).jpg,73,53,img/2015 (125).jpg,46,32,img/2016 (125).jpg,500,341,img/2017 (125).jpg,159,47,img/2018 (125).jpg
126,5/6,5/5,20000,286,img/2013 (126).jpg,93,66,img/2014 (126).jpg,49,12,img/2015 (126).jpg,50,29,img/2016 (126).jpg,96,27,img/2017 (126).jpg,137,55,img/2018 (126).jpg
127,5/7,5/6,20000,251,img/2013 (127).jpg,195,146,img/2014 (127).jpg,64,24,img/2015 (127).jpg,85,44,img/2016 (127).jpg,53,20,img/2017 (127).jpg,108,19,img/2018 (127).jpg
128,5/8,5/7,20000,135,img/2013 (128).jpg,175,132,img/2014 (128).jpg,45,23,img/2015 (128).jpg,23,14,img/2016 (128).jpg,95,49,img/2017 (128).jpg,76,39,img/2018 (128).jpg
129,5/9,5/8,20000,52,img/2013 (129).jpg,104,78,img/2014 (129).jpg,52,36,img/2015 (129).jpg,84,62,img/2016 (129).jpg,75,32,img/2017 (129).jpg,86,102,img/2018 (129).jpg
130,5/10,5/9,20000,98,img/2013 (130).jpg,68,41,img/2014 (130).jpg,53,43,img/2015 (130).jpg,51,36,img/2016 (130).jpg,58,35,img/2017 (130).jpg,134,43,img/2018 (130).jpg
131,5/11,5/10,20000,106,img/2013 (131).jpg,49,34,img/2014 (131).jpg,46,32,img/2015 (131).jpg,27,10,img/2016 (131).jpg,51,22,img/2017 (131).jpg,65,207,img/2018 (131).jpg
132,5/12,5/11,20000,47,img/2013 (132).jpg,74,54,img/2014 (132).jpg,22,8,img/2015 (132).jpg,177,134,img/2016 (132).jpg,122,52,img/2017 (132).jpg,257,35,img/2018 (132).jpg
133,5/13,5/12,20000,130,img/2013 (133).jpg,139,100,img/2014 (133).jpg,90,67,img/2015 (133).jpg,52,3,img/2016 (133).jpg,64,20,img/2017 (133).jpg,50,149,img/2018 (133).jpg
134,5/14,5/13,20000,17,img/2013 (134).jpg,62,16,img/2014 (134).jpg,36,20,img/2015 (134).jpg,56,31,img/2016 (134).jpg,37,8,img/2017 (134).jpg,199,78,img/2018 (134).jpg
135,5/15,5/14,20000,90,img/2013 (135).jpg,59,25,img/2014 (135).jpg,43,18,img/2015 (135).jpg,32,24,img/2016 (135).jpg,35,7,img/2017 (135).jpg,104,137,img/2018 (135).jpg
136,5/16,5/15,20000,68,img/2013 (136).jpg,146,80,img/2014 (136).jpg,98,46,img/2015 (136).jpg,100,75,img/2016 (136).jpg,79,40,img/2017 (136).jpg,181,79,img/2018 (136).jpg
137,5/17,5/16,20000,121,img/2013 (137).jpg,109,82,img/2014 (137).jpg,148,113,img/2015 (137).jpg,60,26,img/2016 (137).jpg,82,47,img/2017 (137).jpg,105,20,img/2018 (137).jpg
138,5/18,5/17,20000,154,img/2013 (138).jpg,116,65,img/2014 (138).jpg,203,153,img/2015 (138).jpg,74,45,img/2016 (138).jpg,139,117,img/2017 (138).jpg,41,53,img/2018 (138).jpg
139,5/19,5/18,20000,73,img/2013 (139).jpg,123,93,img/2014 (139).jpg,27,10,img/2015 (139).jpg,71,52,img/2016 (139).jpg,118,87,img/2017 (139).jpg,73,48,img/2018 (139).jpg
140,5/20,5/19,20000,57,img/2013 (140).jpg,125,95,img/2014 (140).jpg,22,10,img/2015 (140).jpg,125,95,img/2016 (140).jpg,164,125,img/2017 (140).jpg,64,79,img/2018 (140).jpg
141,5/21,5/20,20000,101,img/2013 (141).jpg,104,78,img/2014 (141).jpg,62,30,img/2015 (141).jpg,136,104,img/2016 (141).jpg,99,74,img/2017 (141).jpg,105,45,img/2018 (141).jpg
142,5/22,5/21,20000,98,img/2013 (142).jpg,280,230,img/2014 (142).jpg,57,40,img/2015 (142).jpg,131,100,img/2016 (142).jpg,73,46,img/2017 (142).jpg,63,90,img/2018 (142).jpg
143,5/23,5/22,20000,55,img/2013 (143).jpg,132,100,img/2014 (143).jpg,189,153,img/2015 (143).jpg,102,77,img/2016 (143).jpg,23,16,img/2017 (143).jpg,286,63,img/2018 (143).jpg
144,5/24,5/23,20000,173,img/2013 (144).jpg,134,102,img/2014 (144).jpg,216,166,img/2015 (144).jpg,105,79,img/2016 (144).jpg,68,32,img/2017 (144).jpg,124,43,img/2018 (144).jpg
145,5/25,5/24,20000,32,img/2013 (145).jpg,173,131,img/2014 (145).jpg,124,94,img/2015 (145).jpg,38,20,img/2016 (145).jpg,34,10,img/2017 (145).jpg,79,131,img/2018 (145).jpg
146,5/26,5/25,20000,109,img/2013 (146).jpg,61,21,img/2014 (146).jpg,130,58,img/2015 (146).jpg,27,11,img/2016 (146).jpg,58,22,img/2017 (146).jpg,173,57,img/2018 (146).jpg
147,5/27,5/26,20000,63,img/2013 (147).jpg,182,84,img/2014 (147).jpg,148,113,img/2015 (147).jpg,110,42,img/2016 (147).jpg,57,40,img/2017 (147).jpg,88,186,img/2018 (147).jpg
148,5/28,5/27,20000,122,img/2013 (148).jpg,90,43.7,img/2014 (148).jpg,202,151,img/2015 (148).jpg,78,30,img/2016 (148).jpg,154,118,img/2017 (148).jpg,500,19,img/2018 (148).jpg
149,5/29,5/28,20000,13,img/2013 (149).jpg,89,49.9,img/2014 (149).jpg,125,72,img/2015 (149).jpg,57,27,img/2016 (149).jpg,108,34,img/2017 (149).jpg,44,22,img/2018 (149).jpg
150,5/30,5/29,20000,60,img/2013 (150).jpg,106,60.4,img/2014 (150).jpg,109,82,img/2015 (150).jpg,94,70,img/2016 (150).jpg,62,34,img/2017 (150).jpg,45,50,img/2018 (150).jpg
151,5/31,5/30,20000,89,img/2013 (151).jpg,122,107.6,img/2014 (151).jpg,129,47,img/2015 (151).jpg,70,41,img/2016 (151).jpg,174,132,img/2017 (151).jpg,69,37,img/2018 (151).jpg
152,6/1,5/31,20000,124,img/2013 (152).jpg,132,45.7,img/2014 (152).jpg,125,95,img/2015 (152).jpg,109,82,img/2016 (152).jpg,31,19,img/2017 (152).jpg,73,52,img/2018 (152).jpg
153,6/2,6/1,20000,220,img/2013 (153).jpg,58,13.4,img/2014 (153).jpg,107,80,img/2015 (153).jpg,50,24,img/2016 (153).jpg,56,13,img/2017 (153).jpg,77,62,img/2018 (153).jpg
154,6/3,6/2,20000,170,img/2013 (154).jpg,52,36.1,img/2014 (154).jpg,74,38,img/2015 (154).jpg,62,37,img/2016 (154).jpg,54,30,img/2017 (154).jpg,84,48,img/2018 (154).jpg
155,6/4,6/3,20000,167,img/2013 (155).jpg,72,85.9,img/2014 (155).jpg,53,28,img/2015 (155).jpg,92,69,img/2016 (155).jpg,78,53,img/2017 (155).jpg,81,40,img/2018 (155).jpg
156,6/5,6/4,20000,132,img/2013 (156).jpg,82,79.4,img/2014 (156).jpg,60,39,img/2015 (156).jpg,106,80,img/2016 (156).jpg,134,69,img/2017 (156).jpg,78,36,img/2018 (156).jpg
157,6/6,6/5,20000,104,img/2013 (157).jpg,96,80.5,img/2014 (157).jpg,33,23,img/2015 (157).jpg,62,45,img/2016 (157).jpg,58,41,img/2017 (157).jpg,88,11,img/2018 (157).jpg
158,6/7,6/6,20000,117,img/2013 (158).jpg,16,6.6,img/2014 (158).jpg,70,17,img/2015 (158).jpg,110,83,img/2016 (158).jpg,104,78,img/2017 (158).jpg,58,18,img/2018 (158).jpg
159,6/8,6/7,20000,161,img/2013 (159).jpg,54,17.3,img/2014 (159).jpg,27,14,img/2015 (159).jpg,70,51,img/2016 (159).jpg,60,34,img/2017 (159).jpg,41,13,img/2018 (159).jpg
160,6/9,6/8,20000,21,img/2013 (160).jpg,57,40.8,img/2014 (160).jpg,58,40,img/2015 (160).jpg,166,126,img/2016 (160).jpg,80,35,img/2017 (160).jpg,36,42,img/2018 (160).jpg
161,6/10,6/9,20000,45,img/2013 (161).jpg,103,77.1,img/2014 (161).jpg,78,57,img/2015 (161).jpg,180,136,img/2016 (161).jpg,70,28,img/2017 (161).jpg,59,59,img/2018 (161).jpg
162,6/11,6/10,20000,86,img/2013 (162).jpg,83,61.7,img/2014 (162).jpg,59,46,img/2015 (162).jpg,74,50,img/2016 (162).jpg,77,32,img/2017 (162).jpg,80,118,img/2018 (162).jpg
163,6/12,6/11,20000,118,img/2013 (163).jpg,46,32.4,img/2014 (163).jpg,25,4,img/2015 (163).jpg,25,9,img/2016 (163).jpg,68,38,img/2017 (163).jpg,154,85,img/2018 (163).jpg
164,6/13,6/12,20000,112,img/2013 (164).jpg,153,117,img/2014 (164).jpg,23,9,img/2015 (164).jpg,122,93,img/2016 (164).jpg,66,48,img/2017 (164).jpg,113,23,img/2018 (164).jpg
165,6/14,6/13,20000,105,img/2013 (165).jpg,24,17,img/2014 (165).jpg,44,26,img/2015 (165).jpg,55,44,img/2016 (165).jpg,71,52,img/2017 (165).jpg,40,127,img/2018 (165).jpg
166,6/15,6/14,20000,95,img/2013 (166).jpg,209,158.9,img/2014 (166).jpg,134,109,img/2015 (166).jpg,71,51,img/2016 (166).jpg,77,39,img/2017 (166).jpg,167,84,img/2018 (166).jpg
167,6/16,6/15,20000,160,img/2013 (167).jpg,206,155.7,img/2014 (167).jpg,180,136,img/2015 (167).jpg,37,18,img/2016 (167).jpg,104,70,img/2017 (167).jpg,111,58,img/2018 (167).jpg
168,6/17,6/16,20000,16,img/2013 (168).jpg,47,25.3,img/2014 (168).jpg,63,45,img/2015 (168).jpg,48,24,img/2016 (168).jpg,118,89,img/2017 (168).jpg,79,130,img/2018 (168).jpg
169,6/18,6/17,20000,74,img/2013 (169).jpg,60,43.3,img/2014 (169).jpg,40,28,img/2015 (169).jpg,45,21,img/2016 (169).jpg,86,60,img/2017 (169).jpg,170,118,img/2018 (169).jpg
170,6/19,6/18,20000,94,img/2013 (170).jpg,178,134.7,img/2014 (170).jpg,44,5,img/2015 (170).jpg,58,39,img/2016 (170).jpg,36,25,img/2017 (170).jpg,154,77,img/2018 (170).jpg
171,6/20,6/19,20000,41,img/2013 (171).jpg,63,45.4,img/2014 (171).jpg,42,29,img/2015 (171).jpg,70,51,img/2016 (171).jpg,47,27,img/2017 (171).jpg,103,23,img/2018 (171).jpg
172,6/21,6/20,20000,122,img/2013 (172).jpg,85,62.8,img/2014 (172).jpg,79,58,img/2015 (172).jpg,91,68,img/2016 (172).jpg,64,46,img/2017 (172).jpg,51,148,img/2018 (172).jpg
173,6/22,6/21,20000,108,img/2013 (173).jpg,27,19.2,img/2014 (173).jpg,155,118,img/2015 (173).jpg,138,105,img/2016 (173).jpg,37,19,img/2017 (173).jpg,197,68,img/2018 (173).jpg
174,6/23,6/22,20000,87,img/2013 (174).jpg,32,22.7,img/2014 (174).jpg,348,298,img/2015 (174).jpg,41,29,img/2016 (174).jpg,33,20,img/2017 (174).jpg,91,45,img/2018 (174).jpg
175,6/24,6/23,20000,248,img/2013 (175).jpg,107,63.6,img/2014 (175).jpg,166,130,img/2015 (175).jpg,150,115,img/2016 (175).jpg,32,22,img/2017 (175).jpg,71,76,img/2018 (175).jpg
176,6/25,6/24,20000,127,img/2013 (176).jpg,116,87.6,img/2014 (176).jpg,145,111,img/2015 (176).jpg,52,37,img/2016 (176).jpg,68,49,img/2017 (176).jpg,102,180,img/2018 (176).jpg
177,6/26,6/25,20000,189,img/2013 (177).jpg,227,176.8,img/2014 (177).jpg,123,93,img/2015 (177).jpg,19,6,img/2016 (177).jpg,45,20,img/2017 (177).jpg,230,66,img/2018 (177).jpg
178,6/27,6/26,20000,183,img/2013 (178).jpg,18,9.6,img/2014 (178).jpg,132,100,img/2015 (178).jpg,71,52,img/2016 (178).jpg,180,136,img/2017 (178).jpg,89,3,img/2018 (178).jpg
179,6/28,6/27,20000,243,img/2013 (179).jpg,58,15.9,img/2014 (179).jpg,190,143,img/2015 (179).jpg,75,55,img/2016 (179).jpg,160,122,img/2017 (179).jpg,16,26,img/2018 (179).jpg
180,6/29,6/28,20000,65,img/2013 (180).jpg,66,30.5,img/2014 (180).jpg,224,174,img/2015 (180).jpg,91,68,img/2016 (180).jpg,95,57,img/2017 (180).jpg,70,36,img/2018 (180).jpg
181,6/30,6/29,20000,250,img/2013 (181).jpg,109,81.9,img/2014 (181).jpg,23,16,img/2015 (181).jpg,110,83,img/2016 (181).jpg,109,82,img/2017 (181).jpg,67,34,img/2018 (181).jpg
182,7/1,6/30,20000,144,img/2013 (182).jpg,138,105.3,img/2014 (182).jpg,60,43,img/2015 (182).jpg,72,53,img/2016 (182).jpg,161,123,img/2017 (182).jpg,49,44,img/2018 (182).jpg
183,7/2,7/1,20000,15,img/2013 (183).jpg,73,53.3,img/2014 (183).jpg,15,5,img/2015 (183).jpg,19,16,img/2016 (183).jpg,174,132,img/2017 (183).jpg,61,32,img/2018 (183).jpg
184,7/3,7/2,20000,44,img/2013 (184).jpg,262,212.2,img/2014 (184).jpg,62,27,img/2015 (184).jpg,151,116,img/2016 (184).jpg,111,84,img/2017 (184).jpg,46,68,img/2018 (184).jpg
185,7/4,7/3,20000,24,img/2013 (185).jpg,246,195.6,img/2014 (185).jpg,57,18,img/2015 (185).jpg,105,79,img/2016 (185).jpg,78,57,img/2017 (185).jpg,91,99,img/2018 (185).jpg
186,7/5,7/4,20000,23,img/2013 (186).jpg,165,125.7,img/2014 (186).jpg,89,66,img/2015 (186).jpg,307,257,img/2016 (186).jpg,141,108,img/2017 (186).jpg,130,29,img/2018 (186).jpg
187,7/6,7/5,20000,119,img/2013 (187).jpg,252,201.9,img/2014 (187).jpg,142,111,img/2015 (187).jpg,167,127,img/2016 (187).jpg,170,129,img/2017 (187).jpg,51,58,img/2018 (187).jpg
188,7/7,7/6,20000,56,img/2013 (188).jpg,104,78.4,img/2014 (188).jpg,113,87,img/2015 (188).jpg,90,67,img/2016 (188).jpg,58,27,img/2017 (188).jpg,79,47,img/2018 (188).jpg
189,7/8,7/7,20000,79,img/2013 (189).jpg,176,133.4,img/2014 (189).jpg,210,160,img/2015 (189).jpg,169,106,img/2016 (189).jpg,61,28,img/2017 (189).jpg,65,116,img/2018 (189).jpg
190,7/9,7/8,20000,145,img/2013 (190).jpg,29,10.6,img/2014 (190).jpg,138,105,img/2015 (190).jpg,109,82,img/2016 (190).jpg,117,59,img/2017 (190).jpg,151,41,img/2018 (190).jpg
191,7/10,7/9,20000,36,img/2013 (191).jpg,53,25.3,img/2014 (191).jpg,73,53,img/2015 (191).jpg,129,98,img/2016 (191).jpg,46,32,img/2017 (191).jpg,58,30,img/2018 (191).jpg
192,7/11,7/10,20000,34,img/2013 (192).jpg,77,43.5,img/2014 (192).jpg,173,131,img/2015 (192).jpg,177,134,img/2016 (192).jpg,52,33,img/2017 (192).jpg,43,44,img/2018 (192).jpg
193,7/12,7/11,20000,71,img/2013 (193).jpg,34,6.5,img/2014 (193).jpg,170,129,img/2015 (193).jpg,136,104,img/2016 (193).jpg,105,63,img/2017 (193).jpg,61,40,img/2018 (193).jpg
194,7/13,7/12,20000,135,img/2013 (194).jpg,68,19,img/2014 (194).jpg,56,31,img/2015 (194).jpg,98,73,img/2016 (194).jpg,58,41,img/2017 (194).jpg,54,43,img/2018 (194).jpg
195,7/14,7/13,20000,127,img/2013 (195).jpg,48,16.1,img/2014 (195).jpg,37,3,img/2015 (195).jpg,34,24,img/2016 (195).jpg,45,26,img/2017 (195).jpg,60,66,img/2018 (195).jpg
196,7/15,7/14,20000,71,img/2013 (196).jpg,69,32,img/2014 (196).jpg,53,3,img/2015 (196).jpg,80,56,img/2016 (196).jpg,40,28,img/2017 (196).jpg,89,7,img/2018 (196).jpg
197,7/16,7/15,20000,11,img/2013 (197).jpg,116,88.2,img/2014 (197).jpg,67,48,img/2015 (197).jpg,44,31,img/2016 (197).jpg,85,63,img/2017 (197).jpg,23,13,img/2018 (197).jpg
198,7/17,7/16,20000,52,img/2013 (198).jpg,163,123.8,img/2014 (198).jpg,15,10,img/2015 (198).jpg,41,29,img/2016 (198).jpg,54,37,img/2017 (198).jpg,24,60,img/2018 (198).jpg
199,7/18,7/17,20000,163,img/2013 (199).jpg,136,103.4,img/2014 (199).jpg,74,54,img/2015 (199).jpg,116,88,img/2016 (199).jpg,75,55,img/2017 (199).jpg,81,36,img/2018 (199).jpg
200,7/19,7/18,20000,166,img/2013 (200).jpg,89,66.1,img/2014 (200).jpg,77,56,img/2015 (200).jpg,128,97,img/2016 (200).jpg,94,70,img/2017 (200).jpg,51,84,img/2018 (200).jpg
201,7/20,7/19,20000,152,img/2013 (201).jpg,70,50.8,img/2014 (201).jpg,87,64,img/2015 (201).jpg,212,162,img/2016 (201).jpg,118,89,img/2017 (201).jpg,111,86,img/2018 (201).jpg
202,7/21,7/20,20000,85,img/2013 (202).jpg,42,29.7,img/2014 (202).jpg,110,83,img/2015 (202).jpg,102,77,img/2016 (202).jpg,32,19,img/2017 (202).jpg,114,96,img/2018 (202).jpg
203,7/22,7/21,20000,116,img/2013 (203).jpg,21,7.4,img/2014 (203).jpg,109,82,img/2015 (203).jpg,14,6,img/2016 (203).jpg,24,17,img/2017 (203).jpg,126,100,img/2018 (203).jpg
204,7/23,7/22,20000,44,img/2013 (204).jpg,35,19,img/2014 (204).jpg,42,29,img/2015 (204).jpg,102,77,img/2016 (204).jpg,49,29,img/2017 (204).jpg,131,16,img/2018 (204).jpg
205,7/24,7/23,20000,62,img/2013 (205).jpg,113,70.3,img/2014 (205).jpg,57,40,img/2015 (205).jpg,139,106,img/2016 (205).jpg,80,59,img/2017 (205).jpg,23,9,img/2018 (205).jpg
206,7/25,7/24,20000,18,img/2013 (206).jpg,126,95.4,img/2014 (206).jpg,110,83,img/2015 (206).jpg,69,50,img/2016 (206).jpg,23,14,img/2017 (206).jpg,18,11,img/2018 (206).jpg
207,7/26,7/25,20000,55,img/2013 (207).jpg,185,139.6,img/2014 (207).jpg,199,149,img/2015 (207).jpg,72,53,img/2016 (207).jpg,64,28,img/2017 (207).jpg,24,21,img/2018 (207).jpg
208,7/27,7/26,20000,88,img/2013 (208).jpg,146,111.4,img/2014 (208).jpg,40,20,img/2015 (208).jpg,18,3,img/2016 (208).jpg,60,35,img/2017 (208).jpg,30,54,img/2018 (208).jpg
209,7/28,7/27,20000,62,img/2013 (209).jpg,165,125.5,img/2014 (209).jpg,64,46,img/2015 (209).jpg,80,59,img/2016 (209).jpg,73,53,img/2017 (209).jpg,74,99,img/2018 (209).jpg
210,7/29,7/28,20000,74,img/2013 (210).jpg,226,175.5,img/2014 (210).jpg,119,90,img/2015 (210).jpg,34,24,img/2016 (210).jpg,41,41,img/2017 (210).jpg,130,97,img/2018 (210).jpg
211,7/30,7/29,20000,142,img/2013 (211).jpg,236,173.9,img/2014 (211).jpg,40,28,img/2015 (211).jpg,183,138,img/2016 (211).jpg,63,42,img/2017 (211).jpg,135,119,img/2018 (211).jpg
212,7/31,7/30,20000,40,img/2013 (212).jpg,234,184,img/2014 (212).jpg,23,16,img/2015 (212).jpg,209,159,img/2016 (212).jpg,161,123,img/2017 (212).jpg,156,82,img/2018 (212).jpg
213,8/1,7/31,20000,39,img/2013 (213).jpg,178,134.3,img/2014 (213).jpg,124,97,img/2015 (213).jpg,81,60,img/2016 (213).jpg,123,107,img/2017 (213).jpg,109,122,img/2018 (213).jpg
214,8/2,8/1,20000,65,img/2013 (214).jpg,81,59.6,img/2014 (214).jpg,68,50,img/2015 (214).jpg,89,66,img/2016 (214).jpg,78,57,img/2017 (214).jpg,160,90,img/2018 (214).jpg
215,8/3,8/2,20000,26,img/2013 (215).jpg,195,146.3,img/2014 (215).jpg,150,115,img/2015 (215).jpg,90,67,img/2016 (215).jpg,24,17,img/2017 (215).jpg,119,112,img/2018 (215).jpg
216,8/4,8/3,20000,110,img/2013 (216).jpg,96,71.7,img/2014 (216).jpg,24,16,img/2015 (216).jpg,183,138,img/2016 (216).jpg,91,51,img/2017 (216).jpg,146,37,img/2018 (216).jpg
217,8/5,8/4,20000,46,img/2013 (217).jpg,25,17.6,img/2014 (217).jpg,108,81,img/2015 (217).jpg,154,118,img/2016 (217).jpg,121,76,img/2017 (217).jpg,67,25,img/2018 (217).jpg
218,8/6,8/5,20000,130,img/2013 (218).jpg,76,56.2,img/2014 (218).jpg,29,20,img/2015 (218).jpg,114,86,img/2016 (218).jpg,53,37,img/2017 (218).jpg,53,78,img/2018 (218).jpg
219,8/7,8/6,20000,43,img/2013 (219).jpg,109,82.2,img/2014 (219).jpg,152,116,img/2015 (219).jpg,205,155,img/2016 (219).jpg,22,11,img/2017 (219).jpg,104,10,img/2018 (219).jpg
220,8/8,8/7,20000,41,img/2013 (220).jpg,115,87.1,img/2014 (220).jpg,25,17,img/2015 (220).jpg,34,20,img/2016 (220).jpg,64,46,img/2017 (220).jpg,29,35,img/2018 (220).jpg
221,8/9,8/8,20000,28,img/2013 (221).jpg,181,137,img/2014 (221).jpg,67,48,img/2015 (221).jpg,75,55,img/2016 (221).jpg,29,20,img/2017 (221).jpg,50,66,img/2018 (221).jpg
222,8/10,8/9,20000,46,img/2013 (222).jpg,41,29,img/2014 (222).jpg,90,67,img/2015 (222).jpg,77,56,img/2016 (222).jpg,81,60,img/2017 (222).jpg,89,15,img/2018 (222).jpg
223,8/11,8/10,20000,208,img/2013 (223).jpg,32,17.7,img/2014 (223).jpg,155,118,img/2015 (223).jpg,139,106,img/2016 (223).jpg,160,122,img/2017 (223).jpg,34,54,img/2018 (223).jpg
224,8/12,8/11,20000,51,img/2013 (224).jpg,34,14.6,img/2014 (224).jpg,120,91,img/2015 (224).jpg,132,101,img/2016 (224).jpg,54,38,img/2017 (224).jpg,74,33,img/2018 (224).jpg
225,8/13,8/12,20000,78,img/2013 (225).jpg,46,32.5,img/2014 (225).jpg,147,112,img/2015 (225).jpg,154,118,img/2016 (225).jpg,63,45,img/2017 (225).jpg,47,57,img/2018 (225).jpg
226,8/14,8/13,20000,42,img/2013 (226).jpg,35,24.2,img/2014 (226).jpg,175,132,img/2015 (226).jpg,48,32,img/2016 (226).jpg,46,32,img/2017 (226).jpg,78,19,img/2018 (226).jpg
227,8/15,8/14,20000,77,img/2013 (227).jpg,94,69.8,img/2014 (227).jpg,50,24,img/2015 (227).jpg,22,14,img/2016 (227).jpg,69,50,img/2017 (227).jpg,27,10,img/2018 (227).jpg
228,8/16,8/15,20000,83,img/2013 (228).jpg,63,43.5,img/2014 (228).jpg,75,34,img/2015 (228).jpg,19,13,img/2016 (228).jpg,106,80,img/2017 (228).jpg,24,34,img/2018 (228).jpg
229,8/17,8/16,20000,24,img/2013 (229).jpg,49,30.9,img/2014 (229).jpg,95,81,img/2015 (229).jpg,34,18,img/2016 (229).jpg,23,16,img/2017 (229).jpg,68,8,img/2018 (229).jpg
230,8/18,8/17,20000,10,img/2013 (230).jpg,54,35.9,img/2014 (230).jpg,40,28,img/2015 (230).jpg,102,77,img/2016 (230).jpg,119,90,img/2017 (230).jpg,24,12,img/2018 (230).jpg
231,8/19,8/18,20000,17,img/2013 (231).jpg,122,92.2,img/2014 (231).jpg,59,34,img/2015 (231).jpg,157,120,img/2016 (231).jpg,84,62,img/2017 (231).jpg,38,24,img/2018 (231).jpg
232,8/20,8/19,20000,120,img/2013 (232).jpg,133,101.2,img/2014 (232).jpg,26,18,img/2015 (232).jpg,20,8,img/2016 (232).jpg,124,94,img/2017 (232).jpg,34,12,img/2018 (232).jpg
233,8/21,8/20,20000,117,img/2013 (233).jpg,176,133,img/2014 (233).jpg,20,12,img/2015 (233).jpg,69,50,img/2016 (233).jpg,135,103,img/2017 (233).jpg,21,22,img/2018 (233).jpg
234,8/22,8/21,20000,117,img/2013 (234).jpg,44,21.9,img/2014 (234).jpg,13,5,img/2015 (234).jpg,81,60,img/2016 (234).jpg,114,86,img/2017 (234).jpg,73,18,img/2018 (234).jpg
235,8/23,8/22,20000,77,img/2013 (235).jpg,135,102.9,img/2014 (235).jpg,18,12,img/2015 (235).jpg,116,88,img/2016 (235).jpg,33,4,img/2017 (235).jpg,31,6,img/2018 (235).jpg
236,8/24,8/23,20000,31,img/2013 (236).jpg,45,31.7,img/2014 (236).jpg,13,6,img/2015 (236).jpg,103,76,img/2016 (236).jpg,63,28,img/2017 (236).jpg,33,28,img/2018 (236).jpg
237,8/25,8/24,20000,26,img/2013 (237).jpg,39,16.9,img/2014 (237).jpg,13,8,img/2015 (237).jpg,105,79,img/2016 (237).jpg,35,14,img/2017 (237).jpg,64,90,img/2018 (237).jpg
238,8/26,8/25,20000,50,img/2013 (238).jpg,56,22.9,img/2014 (238).jpg,21,7,img/2015 (238).jpg,31,5,img/2016 (238).jpg,66,22,img/2017 (238).jpg,119,90,img/2018 (238).jpg
239,8/27,8/26,20000,57,img/2013 (239).jpg,62,31.6,img/2014 (239).jpg,17,5,img/2015 (239).jpg,21,9,img/2016 (239).jpg,26,4,img/2017 (239).jpg,119,80,img/2018 (239).jpg
240,8/28,8/27,20000,68,img/2013 (240).jpg,105,78.7,img/2014 (240).jpg,22,15,img/2015 (240).jpg,22,13,img/2016 (240).jpg,41,29,img/2017 (240).jpg,106,8,img/2018 (240).jpg
241,8/29,8/28,20000,16,img/2013 (241).jpg,101,75.6,img/2014 (241).jpg,31,10,img/2015 (241).jpg,28,11,img/2016 (241).jpg,29,13,img/2017 (241).jpg,19,35,img/2018 (241).jpg
242,8/30,8/29,20000,13,img/2013 (242).jpg,174,131.5,img/2014 (242).jpg,42,21,img/2015 (242).jpg,20,11,img/2016 (242).jpg,73,56,img/2017 (242).jpg,58,15,img/2018 (242).jpg
243,8/31,8/30,20000,25,img/2013 (243).jpg,89,66.1,img/2014 (243).jpg,53,37,img/2015 (243).jpg,43,30,img/2016 (243).jpg,101,85,img/2017 (243).jpg,24,100,img/2018 (243).jpg
244,9/1,8/31,20000,39,img/2013 (244).jpg,99,74.5,img/2014 (244).jpg,17,4,img/2015 (244).jpg,40,25,img/2016 (244).jpg,205,155,img/2017 (244).jpg,131,85,img/2018 (244).jpg
245,9/2,9/1,20000,43,img/2013 (245).jpg,29,20.1,img/2014 (245).jpg,11,5,img/2015 (245).jpg,52,26,img/2016 (245).jpg,203,150,img/2017 (245).jpg,113,106,img/2018 (245).jpg
246,9/3,9/2,20000,79,img/2013 (246).jpg,24,15.1,img/2014 (246).jpg,13,10,img/2015 (246).jpg,26,18,img/2016 (246).jpg,91,68,img/2017 (246).jpg,139,3,img/2018 (246).jpg
247,9/4,9/3,20000,58,img/2013 (247).jpg,74,48.9,img/2014 (247).jpg,82,60,img/2015 (247).jpg,20,13,img/2016 (247).jpg,159,121,img/2017 (247).jpg,16,15,img/2018 (247).jpg
248,9/5,9/4,20000,16,img/2013 (248).jpg,89,65.4,img/2014 (248).jpg,30,16,img/2015 (248).jpg,156,119,img/2016 (248).jpg,126,96,img/2017 (248).jpg,38,11,img/2018 (248).jpg
249,9/6,9/5,20000,66,img/2013 (249).jpg,141,107.8,img/2014 (249).jpg,20,6,img/2015 (249).jpg,46,32,img/2016 (249).jpg,31,8,img/2017 (249).jpg,42,6,img/2018 (249).jpg
250,9/7,9/6,20000,101,img/2013 (250).jpg,207,157,img/2014 (250).jpg,36,25,img/2015 (250).jpg,29,13,img/2016 (250).jpg,53,15,img/2017 (250).jpg,21,5,img/2018 (250).jpg
251,9/8,9/7,20000,50,img/2013 (251).jpg,19,3,img/2014 (251).jpg,82,60,img/2015 (251).jpg,34,10,img/2016 (251).jpg,205,155,img/2017 (251).jpg,26,19,img/2018 (251).jpg
252,9/9,9/8,20000,112,img/2013 (252).jpg,44,23.6,img/2014 (252).jpg,62,44,img/2015 (252).jpg,46,32,img/2016 (252).jpg,124,94,img/2017 (252).jpg,61,53,img/2018 (252).jpg
253,9/10,9/9,20000,142,img/2013 (253).jpg,147,112.9,img/2014 (253).jpg,18,3,img/2015 (253).jpg,31,19,img/2016 (253).jpg,210,160,img/2017 (253).jpg,81,56,img/2018 (253).jpg
254,9/11,9/10,20000,33,img/2013 (254).jpg,125,94.9,img/2014 (254).jpg,14,3,img/2015 (254).jpg,26,13,img/2016 (254).jpg,71,52,img/2017 (254).jpg,76,41,img/2018 (254).jpg
255,9/12,9/11,20000,166,img/2013 (255).jpg,81,59.9,img/2014 (255).jpg,16,10,img/2015 (255).jpg,33,23,img/2016 (255).jpg,51,16,img/2017 (255).jpg,58,103,img/2018 (255).jpg
256,9/13,9/12,20000,50,img/2013 (256).jpg,140,107.4,img/2014 (256).jpg,17,9,img/2015 (256).jpg,33,23,img/2016 (256).jpg,110,75,img/2017 (256).jpg,135,111,img/2018 (256).jpg
257,9/14,9/13,116,98,img/2013 (257).jpg,140,107,img/2014 (257).jpg,77,55,img/2015 (257).jpg,189,132,img/2016 (257).jpg,232,188,img/2017 (257).jpg,150,3,img/2018 (257).jpg
258,9/15,9/14,29,12,img/2013 (258).jpg,38,23.1,img/2014 (258).jpg,183,138,img/2015 (258).jpg,136,104,img/2016 (258).jpg,83,58,img/2017 (258).jpg,16,6,img/2018 (258).jpg
259,9/16,9/15,100,75,img/2013 (259).jpg,29,20.3,img/2014 (259).jpg,229,179,img/2015 (259).jpg,112,57,img/2016 (259).jpg,113,78,img/2017 (259).jpg,21,11,img/2018 (259).jpg
260,9/17,9/16,104,78,img/2013 (260).jpg,42,18,img/2014 (260).jpg,234,184,img/2015 (260).jpg,215,165,img/2016 (260).jpg,22,3,img/2017 (260).jpg,42,14,img/2018 (260).jpg
261,9/18,9/17,146,112,img/2013 (261).jpg,121,91.9,img/2014 (261).jpg,212,178,img/2015 (261).jpg,101,76,img/2016 (261).jpg,29,7,img/2017 (261).jpg,21,18,img/2018 (261).jpg
262,9/19,9/18,114,110,img/2013 (262).jpg,142,109,img/2014 (262).jpg,21,8,img/2015 (262).jpg,36,25,img/2016 (262).jpg,53,13,img/2017 (262).jpg,26,25,img/2018 (262).jpg
263,9/20,9/19,96,72,img/2013 (263).jpg,164,124.7,img/2014 (263).jpg,166,123,img/2015 (263).jpg,14,7,img/2016 (263).jpg,33,10,img/2017 (263).jpg,38,10,img/2018 (263).jpg
264,9/21,9/20,61,36,img/2013 (264).jpg,110,80.3,img/2014 (264).jpg,126,89,img/2015 (264).jpg,24,15,img/2016 (264).jpg,90,41,img/2017 (264).jpg,33,2,img/2018 (264).jpg
265,9/22,9/21,86,54,img/2013 (265).jpg,107,80.4,img/2014 (265).jpg,272,234,img/2015 (265).jpg,86,58,img/2016 (265).jpg,43,30,img/2017 (265).jpg,14,6,img/2018 (265).jpg
266,9/23,9/22,13,9,img/2013 (266).jpg,93,69.3,img/2014 (266).jpg,26,18,img/2015 (266).jpg,122,93,img/2016 (266).jpg,137,46,img/2017 (266).jpg,19,9,img/2018 (266).jpg
267,9/24,9/23,25,7,img/2013 (267).jpg,22,9.8,img/2014 (267).jpg,159,110,img/2015 (267).jpg,161,123,img/2016 (267).jpg,118,72,img/2017 (267).jpg,13,20,img/2018 (267).jpg
268,9/25,9/24,34,11,img/2013 (268).jpg,111,84.1,img/2014 (268).jpg,39,27,img/2015 (268).jpg,40,28,img/2016 (268).jpg,85,47,img/2017 (268).jpg,53,37,img/2018 (268).jpg
269,9/26,9/25,44,21,img/2013 (269).jpg,138,105.3,img/2014 (269).jpg,22,13,img/2015 (269).jpg,256,206,img/2016 (269).jpg,164,125,img/2017 (269).jpg,75,49,img/2018 (269).jpg
270,9/27,9/26,151,116,img/2013 (270).jpg,75,55.2,img/2014 (270).jpg,99,56,img/2015 (270).jpg,52,37,img/2016 (270).jpg,51,22,img/2017 (270).jpg,82,117,img/2018 (270).jpg
271,9/28,9/27,272,222,img/2013 (271).jpg,154,118,img/2014 (271).jpg,113,85,img/2015 (271).jpg,30,16,img/2016 (271).jpg,18,5,img/2017 (271).jpg,149,2,img/2018 (271).jpg
272,9/29,9/28,268,218,img/2013 (272).jpg,140,106.9,img/2014 (272).jpg,124,87,img/2015 (272).jpg,22,9,img/2016 (272).jpg,67,43,img/2017 (272).jpg,13,2,img/2018 (272).jpg
273,9/30,9/29,124,94,img/2013 (273).jpg,28,16.6,img/2014 (273).jpg,32,22,img/2015 (273).jpg,54,31,img/2016 (273).jpg,179,135,img/2017 (273).jpg,23,6,img/2018 (273).jpg
274,10/1,9/30,20000,131,img/2013 (274).jpg,104,78.1,img/2014 (274).jpg,14,9,img/2015 (274).jpg,88,65,img/2016 (274).jpg,206,156,img/2017 (274).jpg,28,8,img/2018 (274).jpg
275,10/2,10/1,20000,13,img/2013 (275).jpg,79,58.4,img/2014 (275).jpg,45,19,img/2015 (275).jpg,212,162,img/2016 (275).jpg,48,13,img/2017 (275).jpg,27,11,img/2018 (275).jpg
276,10/3,10/2,20000,48,img/2013 (276).jpg,141,107.8,img/2014 (276).jpg,37,23,img/2015 (276).jpg,219,169,img/2016 (276).jpg,29,19,img/2017 (276).jpg,34,17,img/2018 (276).jpg
277,10/4,10/3,20000,95,img/2013 (277).jpg,252,202.4,img/2014 (277).jpg,82,60,img/2015 (277).jpg,201,151,img/2016 (277).jpg,52,26,img/2017 (277).jpg,38,70,img/2018 (277).jpg
278,10/5,10/4,20000,322,img/2013 (278).jpg,49,34,img/2014 (278).jpg,204,153,img/2015 (278).jpg,40,28,img/2016 (278).jpg,91,68,img/2017 (278).jpg,104,4,img/2018 (278).jpg
279,10/6,10/5,20000,260,img/2013 (279).jpg,32,21.7,img/2014 (279).jpg,319,269,img/2015 (279).jpg,79,58,img/2016 (279).jpg,90,67,img/2017 (279).jpg,16,7,img/2018 (279).jpg
280,10/7,10/6,20000,160,img/2013 (280).jpg,95,70.8,img/2014 (280).jpg,363,313,img/2015 (280).jpg,60,43,img/2016 (280).jpg,154,118,img/2017 (280).jpg,28,9,img/2018 (280).jpg
281,10/8,10/7,20000,43,img/2013 (281).jpg,360,309.5,img/2014 (281).jpg,29,4,img/2015 (281).jpg,222,156,img/2016 (281).jpg,203,153,img/2017 (281).jpg,41,5,img/2018 (281).jpg
282,10/9,10/8,20000,113,img/2013 (282).jpg,412,368.1,img/2014 (282).jpg,55,9,img/2015 (282).jpg,14,7,img/2016 (282).jpg,90,67,img/2017 (282).jpg,14,6,img/2018 (282).jpg
283,10/10,10/9,20000,207,img/2013 (283).jpg,427,390.2,img/2014 (283).jpg,14,6,img/2015 (283).jpg,53,30,img/2016 (283).jpg,12,5,img/2017 (283).jpg,23,7,img/2018 (283).jpg
284,10/11,10/10,20000,46,img/2013 (284).jpg,422,382.8,img/2014 (284).jpg,32,10,img/2015 (284).jpg,84,62,img/2016 (284).jpg,21,15,img/2017 (284).jpg,30,2,img/2018 (284).jpg
285,10/12,10/11,20000,63,img/2013 (285).jpg,18,4.2,img/2014 (285).jpg,36,12,img/2015 (285).jpg,230,180,img/2016 (285).jpg,22,7,img/2017 (285).jpg,38,81,img/2018 (285).jpg
286,10/13,10/12,20000,45,img/2013 (286).jpg,19,13.3,img/2014 (286).jpg,51,30,img/2015 (286).jpg,89,66,img/2016 (286).jpg,71,52,img/2017 (286).jpg,108,119,img/2018 (286).jpg
287,10/14,10/13,20000,39,img/2013 (287).jpg,35,12,img/2014 (287).jpg,174,123,img/2015 (287).jpg,135,103,img/2016 (287).jpg,30,7,img/2017 (287).jpg,156,166,img/2018 (287).jpg
288,10/15,10/14,20000,18,img/2013 (288).jpg,231,180.8,img/2014 (288).jpg,160,122,img/2015 (288).jpg,265,215,img/2016 (288).jpg,46,32,img/2017 (288).jpg,216,79,img/2018 (288).jpg
289,10/16,10/15,20000,72,img/2013 (289).jpg,52,17.3,img/2014 (289).jpg,177,134,img/2015 (289).jpg,264,214,img/2016 (289).jpg,27,8,img/2017 (289).jpg,105,61,img/2018 (289).jpg
290,10/17,10/16,20000,113,img/2013 (290).jpg,127,96.4,img/2014 (290).jpg,367,317,img/2015 (290).jpg,163,124,img/2016 (290).jpg,80,59,img/2017 (290).jpg,83,15,img/2018 (290).jpg
291,10/18,10/17,20000,235,img/2013 (291).jpg,203,152.8,img/2014 (291).jpg,22,15,img/2015 (291).jpg,101,76,img/2016 (291).jpg,104,78,img/2017 (291).jpg,45,18,img/2018 (291).jpg
292,10/19,10/18,20000,30,img/2013 (292).jpg,469,453.7,img/2014 (292).jpg,60,41,img/2015 (292).jpg,140,107,img/2016 (292).jpg,86,64,img/2017 (292).jpg,27,44,img/2018 (292).jpg
293,10/20,10/19,20000,31,img/2013 (293).jpg,353,303.1,img/2014 (293).jpg,123,93,img/2015 (293).jpg,271,231,img/2016 (293).jpg,153,117,img/2017 (293).jpg,61,106,img/2018 (293).jpg
294,10/21,10/20,20000,82,img/2013 (294).jpg,42,29.2,img/2014 (294).jpg,70,51,img/2015 (294).jpg,68,49,img/2016 (294).jpg,150,115,img/2017 (294).jpg,139,180,img/2018 (294).jpg
295,10/22,10/21,20000,174,img/2013 (295).jpg,151,115.4,img/2014 (295).jpg,33,25,img/2015 (295).jpg,76,56,img/2016 (295).jpg,49,34,img/2017 (295).jpg,230,18,img/2018 (295).jpg
296,10/23,10/22,20000,22,img/2013 (296).jpg,154,117.8,img/2014 (296).jpg,56,42,img/2015 (296).jpg,30,21,img/2016 (296).jpg,39,27,img/2017 (296).jpg,53,34,img/2018 (296).jpg
297,10/24,10/23,20000,25,img/2013 (297).jpg,232,181.8,img/2014 (297).jpg,103,77,img/2015 (297).jpg,27,19,img/2016 (297).jpg,68,49,img/2017 (297).jpg,65,112,img/2018 (297).jpg
298,10/25,10/24,20000,43,img/2013 (298).jpg,340,289.9,img/2014 (298).jpg,35,24,img/2015 (298).jpg,92,46,img/2016 (298).jpg,123,93,img/2017 (298).jpg,146,9,img/2018 (298).jpg
299,10/26,10/25,20000,40,img/2013 (299).jpg,8,5.3,img/2014 (299).jpg,40,28,img/2015 (299).jpg,121,92,img/2016 (299).jpg,213,163,img/2017 (299).jpg,56,12,img/2018 (299).jpg
300,10/27,10/26,20000,113,img/2013 (300).jpg,35,13.3,img/2014 (300).jpg,18,3,img/2015 (300).jpg,24,17,img/2016 (300).jpg,306,256,img/2017 (300).jpg,34,1,img/2018 (300).jpg
301,10/28,10/27,20000,282,img/2013 (301).jpg,119,89.9,img/2014 (301).jpg,12,4,img/2015 (301).jpg,51,33,img/2016 (301).jpg,98,73,img/2017 (301).jpg,56,1,img/2018 (301).jpg
302,10/29,10/28,20000,24,img/2013 (302).jpg,161,122.9,img/2014 (302).jpg,14,5,img/2015 (302).jpg,28,12,img/2016 (302).jpg,14,8,img/2017 (302).jpg,15,5,img/2018 (302).jpg
303,10/30,10/29,20000,44,img/2013 (303).jpg,262,211.8,img/2014 (303).jpg,27,19,img/2015 (303).jpg,53,28,img/2016 (303).jpg,25,6,img/2017 (303).jpg,26,23,img/2018 (303).jpg
304,10/31,10/30,20000,118,img/2013 (304).jpg,321,207.8,img/2014 (304).jpg,62,45,img/2015 (304).jpg,144,110,img/2016 (304).jpg,72,36,img/2017 (304).jpg,57,19,img/2018 (304).jpg
305,11/1,10/31,20000,167,img/2013 (305).jpg,52,36.8,img/2014 (305).jpg,165,126,img/2015 (305).jpg,13,3,img/2016 (305).jpg,116,88,img/2017 (305).jpg,37,116,img/2018 (305).jpg
306,11/2,11/1,20000,290,img/2013 (306).jpg,8,5.9,img/2014 (306).jpg,114,85,img/2015 (306).jpg,55,16,img/2016 (306).jpg,134,102,img/2017 (306).jpg,151,144,img/2018 (306).jpg
307,11/3,11/2,20000,12,img/2013 (307).jpg,56,35.5,img/2014 (307).jpg,242,191,img/2015 (307).jpg,170,129,img/2016 (307).jpg,19,6,img/2017 (307).jpg,191,166,img/2018 (307).jpg
308,11/4,11/3,20000,48,img/2013 (308).jpg,134,101.6,img/2014 (308).jpg,211,161,img/2015 (308).jpg,217,167,img/2016 (308).jpg,43,22,img/2017 (308).jpg,216,9,img/2018 (308).jpg
309,11/5,11/4,20000,162,img/2013 (309).jpg,30,21,img/2014 (309).jpg,295,245,img/2015 (309).jpg,276,226,img/2016 (309).jpg,103,77,img/2017 (309).jpg,24,13,img/2018 (309).jpg
310,11/6,11/5,20000,183,img/2013 (310).jpg,14,6,img/2014 (310).jpg,30,21,img/2015 (310).jpg,210,160,img/2016 (310).jpg,191,144,img/2017 (310).jpg,24,14,img/2018 (310).jpg
311,11/7,11/6,20000,27,img/2013 (311).jpg,126,95.6,img/2014 (311).jpg,19,10,img/2015 (311).jpg,65,47,img/2016 (311).jpg,206,156,img/2017 (311).jpg,32,64,img/2018 (311).jpg
312,11/8,11/7,20000,121,img/2013 (312).jpg,113,85.2,img/2014 (312).jpg,52,37,img/2015 (312).jpg,105,79,img/2016 (312).jpg,32,9,img/2017 (312).jpg,90,78,img/2018 (312).jpg
313,11/9,11/8,20000,179,img/2013 (313).jpg,119,90.4,img/2014 (313).jpg,212,162,img/2015 (313).jpg,24,15,img/2016 (313).jpg,72,49,img/2017 (313).jpg,104,6,img/2018 (313).jpg
314,11/10,11/9,20000,9,img/2013 (314).jpg,74,54.4,img/2014 (314).jpg,204,180,img/2015 (314).jpg,220,170,img/2016 (314).jpg,36,5,img/2017 (314).jpg,18,37,img/2018 (314).jpg
315,11/11,11/10,20000,26,img/2013 (315).jpg,15,10.8,img/2014 (315).jpg,210,160,img/2015 (315).jpg,166,126,img/2016 (315).jpg,18,3,img/2017 (315).jpg,78,83,img/2018 (315).jpg
316,11/12,11/11,20000,45,img/2013 (316).jpg,62,3.4,img/2014 (316).jpg,193,160,img/2015 (316).jpg,204,154,img/2016 (316).jpg,67,45,img/2017 (316).jpg,110,241,img/2018 (316).jpg
317,11/13,11/12,20000,163,img/2013 (317).jpg,34,15,img/2014 (317).jpg,229,178,img/2015 (317).jpg,71,48,img/2016 (317).jpg,88,65,img/2017 (317).jpg,291,223,img/2018 (317).jpg
318,11/14,11/13,20000,14,img/2013 (318).jpg,93,69.2,img/2014 (318).jpg,317,267,img/2015 (318).jpg,231,181,img/2016 (318).jpg,17,3,img/2017 (318).jpg,273,67,img/2018 (318).jpg
319,11/15,11/14,20000,272,img/2013 (319).jpg,166,126.3,img/2014 (319).jpg,339,289,img/2015 (319).jpg,80,49,img/2016 (319).jpg,39,13,img/2017 (319).jpg,90,4,img/2018 (319).jpg
320,11/16,11/15,20000,32,img/2013 (320).jpg,365,315.1,img/2014 (320).jpg,56,40,img/2015 (320).jpg,30,15,img/2016 (320).jpg,101,76,img/2017 (320).jpg,13,18,img/2018 (320).jpg
321,11/17,11/16,20000,9,img/2013 (321).jpg,19,12.4,img/2014 (321).jpg,98,73,img/2015 (321).jpg,101,76,img/2016 (321).jpg,69,30,img/2017 (321).jpg,42,52,img/2018 (321).jpg
322,11/18,11/17,20000,12,img/2013 (322).jpg,69,50.3,img/2014 (322).jpg,57,41,img/2015 (322).jpg,148,113,img/2016 (322).jpg,14,5,img/2017 (322).jpg,71,22,img/2018 (322).jpg
323,11/19,11/18,20000,17,img/2013 (323).jpg,359,309,img/2014 (323).jpg,111,84,img/2015 (323).jpg,224,174,img/2016 (323).jpg,111,84,img/2017 (323).jpg,55,82,img/2018 (323).jpg
324,11/20,11/19,20000,62,img/2013 (324).jpg,466,449.7,img/2014 (324).jpg,49,34,img/2015 (324).jpg,251,201,img/2016 (324).jpg,139,106,img/2017 (324).jpg,109,22,img/2018 (324).jpg
325,11/21,11/20,20000,161,img/2013 (325).jpg,437,406.2,img/2014 (325).jpg,33,23,img/2015 (325).jpg,74,54,img/2016 (325).jpg,230,180,img/2017 (325).jpg,32,28,img/2018 (325).jpg
326,11/22,11/21,20000,57,img/2013 (326).jpg,50,27.8,img/2014 (326).jpg,95,71,img/2015 (326).jpg,16,14,img/2016 (326).jpg,29,6,img/2017 (326).jpg,63,79,img/2018 (326).jpg
327,11/23,11/22,20000,163,img/2013 (327).jpg,158,120.3,img/2014 (327).jpg,26,18,img/2015 (327).jpg,23,6,img/2016 (327).jpg,21,7,img/2017 (327).jpg,105,31,img/2018 (327).jpg
328,11/24,11/23,20000,47,img/2013 (328).jpg,102,78,img/2014 (328).jpg,14,5,img/2015 (328).jpg,20,11,img/2016 (328).jpg,19,5,img/2017 (328).jpg,51,79,img/2018 (328).jpg
329,11/25,11/24,20000,17,img/2013 (329).jpg,175,132.7,img/2014 (329).jpg,109,82,img/2015 (329).jpg,37,10,img/2016 (329).jpg,75,50,img/2017 (329).jpg,105,222,img/2018 (329).jpg
330,11/26,11/25,20000,21,img/2013 (330).jpg,307,256.6,img/2014 (330).jpg,17,8,img/2015 (330).jpg,138,105,img/2016 (330).jpg,18,4,img/2017 (330).jpg,272,41,img/2018 (330).jpg
331,11/27,11/26,20000,5,img/2013 (331).jpg,26,17.6,img/2014 (331).jpg,252,202,img/2015 (331).jpg,394,344,img/2016 (331).jpg,108,81,img/2017 (331).jpg,209,50,img/2018 (331).jpg
332,11/28,11/27,20000,10,img/2013 (332).jpg,152,116.1,img/2014 (332).jpg,406,359,img/2015 (332).jpg,261,211,img/2016 (332).jpg,111,84,img/2017 (332).jpg,107,43,img/2018 (332).jpg
333,11/29,11/28,20000,37,img/2013 (333).jpg,350,299.8,img/2014 (333).jpg,286,236,img/2015 (333).jpg,78,57,img/2016 (333).jpg,26,7,img/2017 (333).jpg,88,90,img/2018 (333).jpg
334,11/30,11/29,20000,22,img/2013 (334).jpg,312,262.1,img/2014 (334).jpg,453,430,img/2015 (334).jpg,78,57,img/2016 (334).jpg,29,11,img/2017 (334).jpg,119,91,img/2018 (334).jpg
335,12/1,11/30,20000,125,img/2013 (335).jpg,50,13,img/2014 (335).jpg,465,448,img/2015 (335).jpg,170,129,img/2016 (335).jpg,98,58,img/2017 (335).jpg,120,166,img/2018 (335).jpg
336,12/2,12/1,20000,140,img/2013 (336).jpg,23,14.2,img/2014 (336).jpg,12,8,img/2015 (336).jpg,26,7,img/2016 (336).jpg,169,128,img/2017 (336).jpg,216,97,img/2018 (336).jpg
337,12/3,12/2,20000,82,img/2013 (337).jpg,34,12.6,img/2014 (337).jpg,12,8,img/2015 (337).jpg,88,65,img/2016 (337).jpg,49,34,img/2017 (337).jpg,430,23,img/2018 (337).jpg
338,12/4,12/3,20000,113,img/2013 (338).jpg,39,7.1,img/2014 (338).jpg,13,8,img/2015 (338).jpg,101,76,img/2016 (338).jpg,15,4,img/2017 (338).jpg,75,32,img/2018 (338).jpg
339,12/5,12/4,20000,33,img/2013 (339).jpg,16,3.3,img/2014 (339).jpg,33,22,img/2015 (339).jpg,400,350,img/2016 (339).jpg,61,41,img/2017 (339).jpg,72,5,img/2018 (339).jpg
340,12/6,12/5,20000,182,img/2013 (340).jpg,32,19.1,img/2014 (340).jpg,215,165,img/2015 (340).jpg,86,64,img/2016 (340).jpg,90,46,img/2017 (340).jpg,18,6,img/2018 (340).jpg
341,12/7,12/6,20000,172,img/2013 (341).jpg,68,46,img/2014 (341).jpg,234,184,img/2015 (341).jpg,89,66,img/2016 (341).jpg,29,10,img/2017 (341).jpg,25,5,img/2018 (341).jpg
342,12/8,12/7,20000,379,img/2013 (342).jpg,27,11.6,img/2014 (342).jpg,372,322,img/2015 (342).jpg,193,145,img/2016 (342).jpg,32,17,img/2017 (342).jpg,37,31,img/2018 (342).jpg
343,12/9,12/8,20000,11,img/2013 (343).jpg,358,307.5,img/2014 (343).jpg,302,252,img/2015 (343).jpg,253,203,img/2016 (343).jpg,33,22,img/2017 (343).jpg,61,45,img/2018 (343).jpg
344,12/10,12/9,20000,29,img/2013 (344).jpg,321,271.1,img/2014 (344).jpg,291,241,img/2015 (344).jpg,15,4,img/2016 (344).jpg,78,6,img/2017 (344).jpg,63,11,img/2018 (344).jpg
345,12/11,12/10,20000,23,img/2013 (345).jpg,16,11,img/2014 (345).jpg,38,19,img/2015 (345).jpg,30,20,img/2016 (345).jpg,20,4,img/2017 (345).jpg,59,21,img/2018 (345).jpg
346,12/12,12/11,20000,10,img/2013 (346).jpg,24,10.3,img/2014 (346).jpg,222,172,img/2015 (346).jpg,283,233,img/2016 (346).jpg,11,6,img/2017 (346).jpg,42,5,img/2018 (346).jpg
347,12/13,12/12,20000,92,img/2013 (347).jpg,36,14.4,img/2014 (347).jpg,160,122,img/2015 (347).jpg,280,230,img/2016 (347).jpg,64,23,img/2017 (347).jpg,26,30,img/2018 (347).jpg
348,12/14,12/13,20000,53,img/2013 (348).jpg,129,84,img/2014 (348).jpg,314,292,img/2015 (348).jpg,17,6,img/2016 (348).jpg,91,68,img/2017 (348).jpg,52,90,img/2018 (348).jpg
349,12/15,12/14,20000,22,img/2013 (349).jpg,99,63.3,img/2014 (349).jpg,21,13,img/2015 (349).jpg,19,5,img/2016 (349).jpg,56,40,img/2017 (349).jpg,119,124,img/2018 (349).jpg
350,12/16,12/15,20000,88,img/2013 (350).jpg,40,7.6,img/2014 (350).jpg,13,7,img/2015 (350).jpg,45,7,img/2016 (350).jpg,59,7,img/2017 (350).jpg,165,7,img/2018 (350).jpg
351,12/17,12/16,20000,40,img/2013 (351).jpg,71,52,img/2014 (351).jpg,32,9,img/2015 (351).jpg,51,36,img/2016 (351).jpg,75,31,img/2017 (351).jpg,29,35,img/2018 (351).jpg
352,12/18,12/17,20000,12,img/2013 (352).jpg,186,140.2,img/2014 (352).jpg,94,70,img/2015 (352).jpg,151,116,img/2016 (352).jpg,54,7,img/2017 (352).jpg,62,20,img/2018 (352).jpg
353,12/19,12/18,20000,16,img/2013 (353).jpg,77,56.5,img/2014 (353).jpg,264,214,img/2015 (353).jpg,296,246,img/2016 (353).jpg,32,8,img/2017 (353).jpg,43,25,img/2018 (353).jpg
354,12/20,12/19,20000,40,img/2013 (354).jpg,29,8.2,img/2014 (354).jpg,276,226,img/2015 (354).jpg,227,177,img/2016 (354).jpg,27,10,img/2017 (354).jpg,56,94,img/2018 (354).jpg
355,12/21,12/20,20000,26,img/2013 (355).jpg,19,7.2,img/2014 (355).jpg,227,177,img/2015 (355).jpg,387,337,img/2016 (355).jpg,60,38,img/2017 (355).jpg,124,93,img/2018 (355).jpg
356,12/22,12/21,20000,62,img/2013 (356).jpg,180,135.7,img/2014 (356).jpg,260,210,img/2015 (356).jpg,385,335,img/2016 (356).jpg,101,76,img/2017 (356).jpg,123,8,img/2018 (356).jpg
357,12/23,12/22,20000,124,img/2013 (357).jpg,73,53.5,img/2014 (357).jpg,384,334,img/2015 (357).jpg,15,2,img/2016 (357).jpg,34,19,img/2017 (357).jpg,55,27,img/2018 (357).jpg
358,12/24,12/23,20000,332,img/2013 (358).jpg,45,14,img/2014 (358).jpg,43,30,img/2015 (358).jpg,24,17,img/2016 (358).jpg,59,18,img/2017 (358).jpg,65,24,img/2018 (358).jpg
359,12/25,12/24,20000,265,img/2013 (359).jpg,26,11,img/2014 (359).jpg,481,518,img/2015 (359).jpg,200,150,img/2016 (359).jpg,32,9,img/2017 (359).jpg,66,4,img/2018 (359).jpg
360,12/26,12/25,20000,18,img/2013 (360).jpg,208,158.1,img/2014 (360).jpg,454,431,img/2015 (360).jpg,183,138,img/2016 (360).jpg,26,8,img/2017 (360).jpg,15,20001,img/2018 (360).jpg
361,12/27,12/26,20000,18,img/2013 (361).jpg,294,244.2,img/2014 (361).jpg,47,33,img/2015 (361).jpg,101,76,img/2016 (361).jpg,71,52,img/2017 (361).jpg,20000,20001,img/2018 (361).jpg
362,12/28,12/27,20000,17,img/2013 (362).jpg,322,271.9,img/2014 (362).jpg,108,81,img/2015 (362).jpg,34,21,img/2016 (362).jpg,79,58,img/2017 (362).jpg,20000,20001,img/2018 (362).jpg
363,12/29,12/28,20000,60,img/2013 (363).jpg,260,210,img/2014 (363).jpg,375,325,img/2015 (363).jpg,233,183,img/2016 (363).jpg,222,172,img/2017 (363).jpg,20000,20001,img/2018 (363).jpg
364,12/30,12/29,20000,21,img/2013 (364).jpg,45,12,img/2014 (364).jpg,29,20,img/2015 (364).jpg,20,8,img/2016 (364).jpg,252,202,img/2017 (364).jpg,20000,20001,img/2018 (364).jpg
365,12/31,12/30,20000,61,img/2013 (365).jpg,32,7.3,img/2014 (365).jpg,33,23,img/2015 (365).jpg,288,238,img/2016 (365).jpg,47,11,img/2017 (365).jpg,20000,20001,img/2018 (365).jpg
366,,12/31,20000,20000,img/2013 (366).jpg,20000,20000,img/2014 (366).jpg,20000,20000,img/2015 (366).jpg,409,363,img/2016 (366).jpg,20000,20000,img/2017 (366).jpg,20000,20000,img/2018 (366).jpg
